[{"id": "ae055fa2-b2a0-4402-b758-13fcb349041f", "conversation_id": "68d38666-e4c0-8329-a735-5251a6632ce1", "user_id": "user-rh2bipdPwFf1jzUllkZ6nfB1", "rating": "thumbs_up", "create_time": "[REDACTED]T14:53:24.514360Z", "workspace_id": null, "content": "{}", "evaluation_name": null, "evaluation_treatment": null, "update_time": "[REDACTED]T14:53:24.553917Z"}, {"id": "d5066a48-9b[REDACTED]fa0b5", "conversation_id": "68e4b29f-70c0-832b-9318-e4d2153aa764", "user_id": "user-rh2bipdPwFf1jzUllkZ6nfB1", "rating": "thumbs_up", "create_time": "[REDACTED]T07:57:49.363436Z", "workspace_id": null, "content": "{}", "evaluation_name": null, "evaluation_treatment": null, "update_time": "[REDACTED]T07:57:49.407578Z"}]